{
  "project_info": {
    "project_number": "123456789",
    "project_id": "taskmaster-demo",
    "storage_bucket": "taskmaster-demo.appspot.com"
  },
  "client": [
    {
      "client_info": {
        "mobilesdk_app_id": "1:123456789:android:abcdef123456",
        "android_client_info": {
          "package_name": "com.taskmaster.app"
        }
      },
      "oauth_client": [
        {
          "client_id": "123456789-abcdefghijklmnop.apps.googleusercontent.com",
          "client_type": 3
        }
      ],
      "api_key": [
        {
          "current_key": "AIzaSyDemoKeyForTaskMasterApp123456789"
        }
      ],
      "services": {
        "appinvite_service": {
          "other_platform_oauth_client": [
            {
              "client_id": "123456789-abcdefghijklmnop.apps.googleusercontent.com",
              "client_type": 3
            }
          ]
        }
      }
    }
  ],
  "configuration_version": "1"
}